text,label
hello after work tomorrow,ham
hello at home tomorrow,ham
claim cash prize call now,spam
urgent bonus code reply now,spam
okay call me later when free,ham
hello let us meet tomorrow,ham
hello at home tomorrow,ham
hi at home tonight,ham
bonus cash prize reply now,spam
okay at home tomorrow,ham
claim cash prize limited offer,spam
hello let us meet tonight,ham
bonus promo reply now,spam
bonus cash prize call now,spam
bonus free ticket click now,spam
hi at home soon,ham
okay call me later when free,ham
friend let us meet tonight,ham
mom see you tomorrow,ham
win cash prize limited offer,spam
okay see you tonight,ham
hello at home tonight,ham
free promo reply now,spam
mom call me later tonight,ham
friend at home tomorrow,ham
free gift card limited offer,spam
mom see you when free,ham
bonus bonus code call now,spam
bonus free ticket limited offer,spam
urgent promo call now,spam
mom after work tomorrow,ham
hello see you tomorrow,ham
okay call me later when free,ham
claim bonus code reply now,spam
hello call me later soon,ham
win free ticket call now,spam
hi call me later soon,ham
win free ticket click now,spam
friend after work when free,ham
friend after work tonight,ham
bonus promo click now,spam
bonus bonus code reply now,spam
bonus free ticket reply now,spam
okay at home soon,ham
free promo click now,spam
free cash prize click now,spam
win gift card limited offer,spam
hello after work tonight,ham
friend at home soon,ham
mom call me later tomorrow,ham
hello see you tonight,ham
urgent bonus code call now,spam
mom let us meet soon,ham
okay call me later when free,ham
friend let us meet when free,ham
hi let us meet tonight,ham
claim promo click now,spam
win cash prize call now,spam
okay let us meet tonight,ham
hello call me later when free,ham
hello see you tomorrow,ham
urgent gift card call now,spam
bonus free ticket limited offer,spam
win gift card limited offer,spam
urgent free ticket click now,spam
hi at home tonight,ham
claim cash prize limited offer,spam
bonus free ticket call now,spam
win bonus code reply now,spam
claim gift card click now,spam
bonus bonus code limited offer,spam
bonus bonus code reply now,spam
free gift card call now,spam
bonus cash prize limited offer,spam
claim promo call now,spam
mom see you when free,ham
bonus cash prize click now,spam
urgent promo call now,spam
hi call me later when free,ham
mom call me later soon,ham
win free ticket click now,spam
bonus cash prize reply now,spam
urgent promo reply now,spam
friend call me later soon,ham
hello let us meet soon,ham
claim free ticket reply now,spam
win bonus code limited offer,spam
mom see you when free,ham
okay call me later soon,ham
okay see you when free,ham
claim bonus code limited offer,spam
urgent bonus code limited offer,spam
urgent free ticket call now,spam
hi let us meet tomorrow,ham
free cash prize reply now,spam
bonus free ticket click now,spam
okay after work soon,ham
friend let us meet tomorrow,ham
okay after work when free,ham
hi call me later when free,ham
bonus gift card call now,spam
free free ticket reply now,spam
okay at home tomorrow,ham
hi see you tonight,ham
claim cash prize click now,spam
hello after work tonight,ham
mom after work tomorrow,ham
claim cash prize call now,spam
win gift card reply now,spam
free free ticket reply now,spam
hi call me later soon,ham
okay call me later tonight,ham
friend call me later tonight,ham
bonus cash prize reply now,spam
win cash prize limited offer,spam
win gift card click now,spam
friend call me later when free,ham
okay at home when free,ham
bonus promo call now,spam
win free ticket click now,spam
claim bonus code limited offer,spam
claim free ticket click now,spam
okay at home soon,ham
free free ticket click now,spam
bonus promo reply now,spam
claim cash prize click now,spam
hello see you when free,ham
free free ticket call now,spam
mom after work tomorrow,ham
free bonus code click now,spam
okay after work tonight,ham
friend after work when free,ham
claim cash prize reply now,spam
friend call me later tomorrow,ham
win bonus code call now,spam
bonus gift card call now,spam
win promo reply now,spam
win promo limited offer,spam
free cash prize click now,spam
claim bonus code click now,spam
hi at home tonight,ham
urgent bonus code call now,spam
mom at home tomorrow,ham
friend see you when free,ham
win gift card click now,spam
mom after work tomorrow,ham
bonus gift card limited offer,spam
claim gift card limited offer,spam
hello see you tonight,ham
okay after work tomorrow,ham
okay see you when free,ham
win gift card call now,spam
bonus gift card click now,spam
claim promo reply now,spam
win cash prize limited offer,spam
win promo reply now,spam
bonus gift card click now,spam
urgent free ticket call now,spam
bonus cash prize call now,spam
hi let us meet when free,ham
urgent promo call now,spam
bonus gift card reply now,spam
okay call me later when free,ham
urgent free ticket call now,spam
urgent cash prize reply now,spam
mom let us meet soon,ham
hello let us meet tonight,ham
okay call me later when free,ham
okay call me later tonight,ham
hello call me later tomorrow,ham
hello after work tonight,ham
hi at home soon,ham
friend call me later tonight,ham
urgent cash prize call now,spam
win cash prize click now,spam
hi after work tomorrow,ham
hello see you when free,ham
friend after work tomorrow,ham
bonus promo reply now,spam
okay at home when free,ham
friend after work soon,ham
claim free ticket limited offer,spam
claim promo reply now,spam
hi see you soon,ham
hi see you tomorrow,ham
hello at home tonight,ham
friend at home tomorrow,ham
claim cash prize call now,spam
win bonus code reply now,spam
okay see you soon,ham
okay at home tonight,ham
win promo limited offer,spam
hi let us meet tonight,ham
urgent gift card reply now,spam
hi see you soon,ham
okay after work when free,ham
hi at home soon,ham
hello call me later soon,ham
hi let us meet when free,ham
free cash prize call now,spam
claim promo reply now,spam
mom let us meet when free,ham
free cash prize limited offer,spam
win cash prize call now,spam
free bonus code call now,spam
friend let us meet tonight,ham
friend see you tonight,ham
win cash prize call now,spam
mom let us meet when free,ham
free bonus code reply now,spam
hi after work when free,ham
hello see you soon,ham
free bonus code reply now,spam
free cash prize reply now,spam
win promo reply now,spam
win cash prize reply now,spam
claim cash prize click now,spam
claim promo click now,spam
urgent cash prize click now,spam
win free ticket call now,spam
friend let us meet when free,ham
claim free ticket call now,spam
hi at home when free,ham
friend let us meet when free,ham
hello at home when free,ham
win gift card reply now,spam
mom see you tomorrow,ham
win cash prize call now,spam
win bonus code reply now,spam
friend at home tomorrow,ham
win bonus code limited offer,spam
hello see you tonight,ham
bonus promo call now,spam
urgent cash prize reply now,spam
mom at home soon,ham
win free ticket reply now,spam
bonus free ticket limited offer,spam
claim promo limited offer,spam
hi at home soon,ham
hello at home soon,ham
claim cash prize click now,spam
friend after work when free,ham
bonus bonus code limited offer,spam
friend after work when free,ham
mom after work soon,ham
urgent free ticket click now,spam
friend at home soon,ham
friend call me later tonight,ham
free promo call now,spam
claim cash prize limited offer,spam
okay let us meet when free,ham
free free ticket reply now,spam
win bonus code limited offer,spam
bonus gift card reply now,spam
friend let us meet soon,ham
urgent gift card limited offer,spam
hi see you soon,ham
friend see you when free,ham
hi see you tomorrow,ham
friend after work tonight,ham
claim gift card reply now,spam
hi let us meet when free,ham
friend see you tonight,ham
bonus bonus code reply now,spam
urgent gift card click now,spam
hi at home when free,ham
win bonus code limited offer,spam
okay at home when free,ham
win bonus code limited offer,spam
okay see you tomorrow,ham
hi see you when free,ham
free cash prize limited offer,spam
urgent bonus code call now,spam
bonus gift card limited offer,spam
free gift card call now,spam
hi after work tomorrow,ham
hi call me later tonight,ham
hi after work when free,ham
urgent gift card limited offer,spam
urgent promo call now,spam
okay after work tonight,ham
friend see you tonight,ham
mom after work soon,ham
mom call me later when free,ham
claim gift card call now,spam
bonus cash prize limited offer,spam
claim cash prize call now,spam
okay at home tonight,ham
hi see you tonight,ham
friend see you tonight,ham
claim cash prize call now,spam
urgent bonus code call now,spam
friend see you tomorrow,ham
win bonus code limited offer,spam
bonus promo reply now,spam
claim gift card limited offer,spam
win cash prize click now,spam
okay after work tomorrow,ham
claim cash prize call now,spam
win bonus code call now,spam
hi see you tonight,ham
bonus free ticket reply now,spam
mom call me later tomorrow,ham
okay at home soon,ham
friend see you when free,ham
mom after work tonight,ham
okay at home soon,ham
claim promo call now,spam
win cash prize click now,spam
free promo limited offer,spam
urgent free ticket click now,spam
mom let us meet when free,ham
urgent cash prize call now,spam
mom after work when free,ham
bonus free ticket limited offer,spam
hi see you when free,ham
mom call me later soon,ham
free free ticket reply now,spam
friend see you soon,ham
hello call me later when free,ham
claim gift card limited offer,spam
hi at home when free,ham
claim bonus code limited offer,spam
hi after work tonight,ham
friend after work tonight,ham
claim promo reply now,spam
friend after work when free,ham
hello let us meet soon,ham
hi at home when free,ham
hello at home tonight,ham
hi after work soon,ham
hello let us meet tonight,ham
hi after work soon,ham
urgent bonus code reply now,spam
urgent cash prize limited offer,spam
hello see you when free,ham
hi call me later when free,ham
hello at home tonight,ham
free promo call now,spam
win free ticket reply now,spam
claim promo click now,spam
okay see you soon,ham
hi let us meet tonight,ham
win bonus code call now,spam
win bonus code limited offer,spam
bonus free ticket call now,spam
friend call me later soon,ham
friend let us meet soon,ham
bonus cash prize click now,spam
bonus promo click now,spam
friend let us meet when free,ham
hi see you tomorrow,ham
bonus free ticket reply now,spam
okay let us meet soon,ham
bonus free ticket click now,spam
hi let us meet soon,ham
hello see you tomorrow,ham
friend at home tonight,ham
hi at home when free,ham
hello see you tonight,ham
hello let us meet soon,ham
hello see you tonight,ham
claim gift card reply now,spam
okay let us meet tonight,ham
bonus promo reply now,spam
hello call me later tomorrow,ham
urgent free ticket reply now,spam
claim gift card call now,spam
urgent promo call now,spam
friend call me later when free,ham
mom after work soon,ham
hi call me later tonight,ham
free gift card reply now,spam
friend after work soon,ham
win bonus code call now,spam
hello see you soon,ham
friend after work tonight,ham
friend at home tomorrow,ham
hello call me later tomorrow,ham
hello after work when free,ham
claim promo click now,spam
okay at home when free,ham
free cash prize click now,spam
urgent gift card reply now,spam
win cash prize click now,spam
win gift card reply now,spam
bonus cash prize call now,spam
okay let us meet tomorrow,ham
okay call me later tonight,ham
free bonus code click now,spam
win bonus code limited offer,spam
hello after work soon,ham
hello see you tonight,ham
friend at home tomorrow,ham
free bonus code limited offer,spam
urgent cash prize click now,spam
okay at home tonight,ham
okay see you when free,ham
mom call me later soon,ham
urgent gift card reply now,spam
claim gift card limited offer,spam
urgent promo reply now,spam
bonus promo limited offer,spam
hi after work soon,ham
win promo click now,spam
okay after work when free,ham
urgent promo limited offer,spam
okay at home soon,ham
bonus bonus code reply now,spam
win bonus code reply now,spam
okay let us meet soon,ham
win cash prize reply now,spam
mom see you when free,ham
friend see you tonight,ham
free free ticket click now,spam
claim promo click now,spam
win free ticket click now,spam
hi call me later soon,ham
free cash prize click now,spam
claim gift card call now,spam
friend after work tonight,ham
free free ticket click now,spam
urgent gift card call now,spam
claim promo reply now,spam
hi after work when free,ham
okay see you when free,ham
friend see you soon,ham
bonus free ticket call now,spam
friend see you soon,ham
bonus promo limited offer,spam
hi call me later tomorrow,ham
friend call me later tonight,ham
hi after work tomorrow,ham
urgent gift card limited offer,spam
free gift card reply now,spam
bonus free ticket reply now,spam
okay at home tonight,ham
win promo reply now,spam
okay call me later tonight,ham
free cash prize limited offer,spam
